blind_id,label
Q001,1
Q002,1
Q003,0
Q004,1
Q005,1
Q006,1
Q007,1
Q008,0
Q009,0
Q010,1
Q011,1
Q012,0
Q013,1
Q014,0
Q015,1
Q016,1
Q017,1
Q018,0
Q019,0
Q020,1
Q021,1
Q022,1
Q023,0
Q024,1
Q025,0
Q026,1
Q027,0
Q028,0
Q029,1
Q030,1
Q031,1
Q032,0
Q033,0
Q034,1
Q035,1
Q036,1
Q037,1
Q038,0
Q039,1
Q040,1
Q041,1
Q042,1
Q043,0
Q044,1
Q045,1
Q046,1
Q047,1
Q048,1
Q049,1
Q050,1
Q051,1
Q052,1
Q053,1
Q054,1
Q055,1
Q056,1
Q057,1
Q058,1
Q059,0
Q060,0
Q061,1
Q062,0
Q063,1
Q064,1
Q065,1
Q066,1
Q067,0
Q068,1
Q069,0
Q070,1
Q071,1
Q072,0
Q073,1
Q074,1
Q075,1
Q076,0
Q077,1
Q078,0
Q079,1
Q080,1
Q081,1
Q082,1
Q083,1
Q084,0
Q085,1
Q086,0
Q087,1
Q088,1
Q089,0
Q090,1
Q091,1
Q092,0
Q093,1
Q094,1
Q095,1
Q096,0
Q097,1
Q098,1
Q099,1
Q100,1
Q101,1
Q102,1
Q103,0
Q104,1
Q105,1
Q106,1
Q107,1
Q108,0
Q109,0
Q110,1
Q111,1
Q112,0
Q113,1
Q114,1
Q115,0
Q116,0
Q117,1
Q118,0
Q119,1
Q120,1
Q121,1
Q122,1
Q123,1
Q124,0
Q125,1
Q126,1
Q127,0
Q128,1
Q129,0
Q130,1
Q131,0
Q132,0
Q133,1
Q134,0
Q135,0
Q136,0
Q137,1
Q138,1
Q139,0
Q140,1
Q141,1
Q142,0
Q143,1
Q144,1
Q145,1
Q146,1
Q147,0
Q148,0
Q149,0
Q150,1
Q151,1
Q152,0
Q153,1
Q154,1
Q155,1
Q156,1
Q157,0
Q158,0
Q159,0
Q160,1
Q161,1
Q162,1
Q163,0
Q164,1
Q165,0
Q166,0
